{
  "No Finding": {
    "intercept": -0.025254249572753906,
    "weights": [
      0.3439965546131134,
      0.3694351613521576,
      0.2506597638130188
    ],
    "alpha": 31.622776601683793
  },
  "Enlarged Cardiomediastinum": {
    "intercept": 0.029541194438934326,
    "weights": [
      0.43567177653312683,
      0.3079833388328552,
      0.2803455591201782
    ],
    "alpha": 31.622776601683793
  },
  "Cardiomegaly": {
    "intercept": 0.029579952359199524,
    "weights": [
      0.32878226041793823,
      0.2179659605026245,
      0.4307810962200165
    ],
    "alpha": 10.0
  },
  "Lung Opacity": {
    "intercept": 0.04456591606140137,
    "weights": [
      0.428905189037323,
      0.4680984616279602,
      0.041403286159038544
    ],
    "alpha": 3.1622776601683795
  },
  "Pneumonia": {
    "intercept": 0.010303391143679619,
    "weights": [
      0.5521391034126282,
      0.009596464224159718,
      0.4456874132156372
    ],
    "alpha": 3.1622776601683795
  },
  "Pleural Effusion": {
    "intercept": -0.014543741941452026,
    "weights": [
      0.3316729664802551,
      0.30980315804481506,
      0.35390201210975647
    ],
    "alpha": 100.0
  },
  "Pleural Other": {
    "intercept": 0.043142169713974,
    "weights": [
      0.12533575296401978,
      0.3375316858291626,
      0.39904892444610596
    ],
    "alpha": 3.1622776601683795
  },
  "Fracture": {
    "intercept": -0.030077695846557617,
    "weights": [
      0.3841027617454529,
      0.27415886521339417,
      0.2982432544231415
    ],
    "alpha": 10.0
  },
  "Support Devices": {
    "intercept": -0.04886317253112793,
    "weights": [
      0.49060896039009094,
      0.4382425546646118,
      0.12040974199771881
    ],
    "alpha": 10.0
  }
}